id,name,region,wave,stocks,triggers_5y,avg_return_5d,win_rate,avg_return_20d,mdd,terra_score,kelly
39,비트코인 반감기,us,기술,NVDA,6,7.1,0.83,12.5,-8.5,58.93,0.25
31,AI서버 발주,us,기술,"NVDA,CAT",28,6.2,0.79,10.1,-7.2,48.980000000000004,0.25
24,TSMC CoWoS 가동률,us,기술,"NVDA,042700",21,5.5,0.81,9.2,-6.5,44.55,0.25
15,폴란드 국방예산,kr,정책,"012450,LMT",14,5.1,0.78,8.5,-4.8,39.78,0.25
21,칠레 구리 파업,us,원자재,FCX,16,4.8,0.74,7.2,-5.2,35.52,0.25
7,네온가스/실리콘,kr,기술,"005930,000660",12,4.5,0.75,6.8,-5.5,33.75,0.25
28,CHIPS 반도체법,us,정책,NVDA,10,4.2,0.7,6.5,-5.0,29.4,0.25
3,호르무즈 긴장지수,kr,위기,"009540,012450,XOM,LMT",31,4.2,0.68,7.1,-6.8,28.560000000000002,0.25
26,미 국방예산안,us,정책,LMT,18,3.8,0.72,6.1,-3.9,27.36,0.25
14,D램 현물가,kr,경기,"005930,000660",44,4.0,0.66,6.2,-6.0,26.400000000000002,0.25
13,LNG선 운임,kr,경기,009540,26,3.6,0.69,6.0,-5.0,24.84,0.25
2,대만 가뭄 저수율,kr,기술,"005930,000660",18,3.4,0.72,5.2,-5.1,24.48,0.25
34,블랙프라이데이,us,시즈널,"AMZN,259960",10,3.0,0.8,5.0,-2.5,24.000000000000004,0.25
36,네바다 리튬 허가,us,원자재,FCX,8,3.5,0.68,5.8,-4.6,23.800000000000004,0.25
6,리튬 가격,kr,원자재,"005490,FCX",55,3.9,0.59,6.5,-8.2,23.009999999999998,0.25
12,Clarkson 신조선가,kr,경기,009540,19,3.1,0.7,5.5,-4.5,21.7,0.25
22,칠레 리튬 가뭄,us,원자재,"AAPL,FCX",14,3.2,0.65,5.0,-4.9,20.8,0.25
25,텍사스 원유 재고,us,위기,XOM,48,2.9,0.63,4.5,-4.2,18.27,0.25
16,중국 전력난,kr,정책,"010120,005490",22,2.8,0.63,4.2,-4.3,17.639999999999997,0.25
33,AWS 클라우드,us,시즈널,AMZN,24,2.7,0.65,4.1,-3.9,17.55,0.25
27,IRA 보조금,us,정책,FCX,12,2.6,0.66,4.0,-3.8,17.160000000000004,0.25
37,LNG 터미널 가동,us,위기,XOM,20,2.5,0.64,4.0,-3.7,16.0,0.25
5,후판 가격,kr,원자재,009540,42,2.5,0.64,4.0,-4.0,16.0,0.25
19,ISM 제조업,kr,경기,"000660,CAT",35,2.4,0.64,3.9,-3.7,15.36,0.25
40,전기차 판매,us,원자재,FCX,30,2.3,0.62,3.6,-4.0,14.26,0.25
38,항만 노조 파업,us,위기,"AAPL,AMZN",11,2.2,0.62,3.4,-3.8,13.64,0.25
8,구리 가격,kr,원자재,"010120,FCX",38,2.2,0.62,3.5,-3.8,13.64,0.25
1,브라질 미나스 강수량,kr,원자재,"005930,009540",23,2.1,0.61,3.8,-4.2,12.809999999999999,0.23857142857142855
32,아이폰 판매,us,경기,"AAPL,000660",32,2.1,0.61,3.2,-3.4,12.809999999999999,0.23857142857142855
23,미시시피강 수위,us,경기,CAT,13,2.0,0.6,3.3,-3.6,12.0,0.19999999999999996
9,철광석 가격,kr,원자재,005490,29,1.9,0.6,3.1,-4.1,11.399999999999999,0.17894736842105258
29,대중국 관세,us,정책,AAPL,25,1.9,0.56,2.8,-4.0,10.64,0.09684210526315801
4,파나마 운하 수위,kr,위기,"011200,005380,AMZN",15,1.8,0.58,2.9,-3.5,10.440000000000001,0.11333333333333329
35,중서부 가뭄,us,경기,CAT,15,1.8,0.58,2.7,-3.3,10.440000000000001,0.11333333333333329
11,원/달러,kr,통화,"005930,000660",71,1.7,0.57,2.5,-3.0,9.689999999999998,0.06411764705882339
10,달러인덱스 DXY,kr,통화,"005930,005380,AAPL",67,1.5,0.55,2.2,-2.9,8.25,0.0
30,CPI/고용,us,경기,"JPM,NVDA",58,1.4,0.53,2.1,-3.1,7.42,0.0
20,미 10년물 금리,kr,금리,"105560,JPM",52,1.3,0.54,2.0,-2.8,7.0200000000000005,0.0
17,미나스 커피/대두,kr,시즈널,"097950,004370",20,1.2,0.52,1.8,-3.2,6.24,0.0
18,말레이시아 팜유,kr,시즈널,"004370,097950",18,1.1,0.51,1.6,-3.0,5.61,0.0
